,country,density,abbreviation,agriculturalland,capital/majorcity,currency-code,forestedarea,grossprimaryeducationenrollment,largestcity,officiallanguage,populationlaborforceparticipation,taxrevenue,latitude,longitude,Continent,gasolineprice,lifeexpectancy,landarea,armedforcessize,birthrate,callingcode,co2_emissions,cpi,cpichange,fertilityrate,gdp,grosstertiaryeducationenrollment,infantmortality,maternalmortalityratio,minimumwage,outofpockethealthexpenditure,population,totaltaxrate,unemploymentrate,urban_population
0,Afghanistan,60.0,AF,58.1,Kabul,AFN,2.1,104.0,Kabul,Pashto,48.9,9.3,33.93911,67.709953,Asia,0.7,64.5,652230.0,323000.0,32.49,93.0,8672.0,149.9,2.3,4.47,19101353833.0,9.7,47.9,638.0,0.43,78.4,38041754.0,71.4,11.12,9797273.0
1,Albania,105.0,AL,43.1,Tirana,ALL,28.1,107.0,Tirana,Albanian,55.7,18.6,41.153332,20.168331,Europa,1.36,78.5,28748.0,9000.0,11.78,355.0,4536.0,119.05,1.4,1.62,15278077447.0,55.0,7.8,15.0,1.12,56.9,2854191.0,36.6,12.33,1747593.0
2,Algeria,18.0,DZ,17.4,Algiers,DZD,0.8,109.9,Algiers,Arabic,41.2,37.2,28.033886,1.659626,Asia,0.28,76.7,2381741.0,317000.0,24.28,213.0,150006.0,151.36,2.0,3.02,169988236398.0,51.4,20.1,112.0,0.95,28.1,43053054.0,66.1,11.7,31510100.0
3,Andorra,164.0,AD,40.0,Andorra la Vella,EUR,34.0,106.4,Andorra la Vella,Catalan,62.45,16.3,42.506285,1.521801,Europa,1.51,80.44237247624423,468.0,10800.0,7.2,376.0,469.0,169.706,6.82,1.27,3154057987.0,9.82,2.7,436.8,6.63,36.4,77142.0,34.84,8.058000000000002,67873.0
4,Angola,26.0,AO,47.5,Luanda,AOA,46.3,113.5,Luanda,Portuguese,77.5,9.2,-11.202692,17.873887,Africa,0.97,60.8,1246700.0,117000.0,40.73,244.0,34693.0,261.73,17.1,5.52,94635415870.0,9.3,51.6,241.0,0.71,33.4,31825295.0,49.1,6.89,21061025.0
5,Antigua and Barbuda,223.0,AG,20.5,"St. John's, Saint John",XCD,22.3,105.0,"St. John's, Saint John",English,62.45,16.5,17.060816,-61.796428,America,0.99,76.9,443.0,0.0,15.33,1.0,557.0,113.81,1.2,1.99,1727759259.0,24.8,5.0,42.0,3.04,24.3,97118.0,43.0,6.569999999999999,23800.0
6,Argentina,17.0,AR,54.3,Buenos Aires,ARS,9.8,109.7,Buenos Aires,Spanish,61.3,10.1,-38.416097,-63.616672,America,1.1,76.5,2780400.0,105000.0,17.02,54.0,201348.0,232.75,53.5,2.26,449663446954.0,90.0,8.8,39.0,3.35,17.6,44938712.0,106.3,9.79,41339571.0
7,Armenia,104.0,AM,58.9,Yerevan,AMD,11.7,92.7,Yerevan,Armenian,55.6,20.9,40.069099,45.038189,Asia,0.77,74.9,29743.0,49000.0,13.99,374.0,5156.0,129.18,1.4,1.76,13672802158.0,54.6,11.0,26.0,0.66,81.6,2957731.0,22.6,16.99,1869848.0
8,Australia,3.0,AU,48.2,Canberra,AUD,16.3,100.3,Sydney,Unknown,65.5,23.0,-25.274398,133.775136,Oceania,0.93,82.7,7741220.0,58000.0,12.6,61.0,375908.0,119.8,1.6,1.74,1392680589329.0,113.1,3.1,6.0,13.59,19.6,25766605.0,47.4,5.27,21844756.0
9,Austria,109.0,AT,32.4,Vienna,EUR,46.9,103.1,Vienna,German,60.7,25.4,47.516231,14.550072,Europa,1.2,81.6,83871.0,21000.0,9.7,43.0,61448.0,118.06,1.5,1.47,446314739528.0,85.1,2.9,5.0,2.612,17.9,8877067.0,51.4,4.67,5194416.0
10,Azerbaijan,123.0,AZ,57.7,Baku,AZN,14.1,99.7,Baku,Azerbaijani language,66.5,13.0,40.143105,47.576927,Asia,0.56,72.9,86600.0,82000.0,14.0,994.0,37620.0,156.32,2.6,1.73,39207000000.0,27.7,19.2,26.0,0.47,78.6,10023318.0,40.7,5.51,5616165.0
11,The Bahamas,39.0,BS,1.4,"Nassau, Bahamas",Unknown,51.4,81.4,"Nassau, Bahamas",English,74.6,14.8,25.03428,-77.39628,America,0.92,73.8,13880.0,1000.0,13.97,1.0,1786.0,116.22,2.5,1.75,12827000000.0,15.1,8.3,70.0,5.25,27.8,389482.0,33.8,10.36,323784.0
12,Bahrain,2239.0,BH,11.1,Manama,BHD,0.8,99.4,Riffa,Arabic,73.4,4.2,26.0667,50.5577,Asia,0.43,77.2,765.0,19000.0,13.99,973.0,31694.0,117.59,2.1,1.99,38574069149.0,50.5,6.1,14.0,0.772,25.1,1501635.0,13.8,0.71,1467109.0
13,Bangladesh,1265.0,BD,70.6,Dhaka,BDT,11.0,116.5,Dhaka,Bengali,59.0,8.8,23.684994,90.356331,Asia,1.12,72.3,148460.0,221000.0,18.18,880.0,84246.0,179.68,5.6,2.04,302571254131.0,20.6,25.1,173.0,0.51,71.8,167310838.0,33.4,4.19,60987417.0
14,Barbados,668.0,BB,23.3,Bridgetown,BBD,14.7,99.4,Bridgetown,English,65.2,27.5,13.193887,-59.543198,America,1.81,79.1,430.0,1000.0,10.65,1.0,1276.0,134.09,4.1,1.62,5209000000.0,65.4,11.3,27.0,3.13,45.2,287025.0,35.6,10.33,89431.0
15,Belarus,47.0,BY,42.0,Minsk,BYN,42.6,100.5,Minsk,Russian,64.1,14.7,53.709807,27.953389,Europa,0.6,74.2,207600.0,155000.0,9.9,375.0,58280.0,163.30599999999998,5.6,1.45,63080457023.0,87.4,2.6,2.0,1.49,34.5,9466856.0,53.3,4.59,7482982.0
16,Belgium,383.0,BE,44.6,City of Brussels,EUR,22.6,103.9,Brussels,French,53.6,24.0,50.503887,4.469936,Europa,1.43,81.6,30528.0,32000.0,10.3,32.0,96889.0,117.11,1.4,1.62,529606710418.0,79.7,2.9,5.0,10.31,17.6,11484055.0,55.4,5.59,11259082.0
17,Belize,17.0,BZ,7.0,Belmopan,BZD,59.7,111.7,Belize City,English,65.1,26.3,17.189877,-88.49765,America,1.13,74.5,22966.0,2000.0,20.79,501.0,568.0,105.68,-0.9,2.31,1879613600.0,24.7,11.2,36.0,1.65,22.7,390353.0,31.1,6.41,179039.0
18,Benin,108.0,BJ,33.3,Porto-Novo,XOF,37.8,122.0,Cotonou,French,70.9,10.8,9.30769,2.315834,Asia,0.72,61.5,112622.0,12000.0,36.22,229.0,6476.0,110.71,-0.9,4.84,14390709095.0,12.3,60.5,397.0,0.39,40.5,11801151.0,48.9,2.23,5648149.0
19,Bhutan,20.0,BT,13.6,Thimphu,Unknown,72.5,100.1,Thimphu,Dzongkha,66.7,16.0,27.514162,90.433601,Asia,0.98,71.5,38394.0,6000.0,17.26,975.0,1261.0,167.18,2.7,1.98,2446674101.0,15.6,24.8,183.0,0.32,19.8,727145.0,35.3,2.34,317538.0
20,Bolivia,11.0,BO,34.8,Sucre,BOB,50.3,98.2,Santa Cruz de la Sierra,Spanish,71.8,17.0,-16.290154,-63.588653,America,0.71,71.2,1098581.0,71000.0,21.75,591.0,21606.0,148.32,1.8,2.73,40895322865.0,24.06,21.8,155.0,1.36,25.9,11513100.0,83.7,3.5,8033035.0
21,Bosnia and Herzegovina,64.0,BA,43.1,Sarajevo,BAM,42.7,102.55,Tuzla Canton,Bosnian,46.4,20.4,43.915886,17.679076,Europa,1.05,77.3,51197.0,11000.0,8.11,387.0,21848.0,104.9,0.6,1.27,20047848435.0,23.3,5.0,10.0,1.04,28.6,3301000.0,23.7,18.42,1605144.0
22,Botswana,4.0,BW,45.6,Gaborone,BWP,18.9,103.2,Gaborone,English,70.8,19.5,-22.328474,24.684866,Africa,0.71,69.3,581730.0,9000.0,24.82,267.0,6340.0,149.75,2.8,2.87,18340510789.0,24.9,30.0,144.0,0.29,5.3,2346179.0,25.1,18.19,1616550.0
23,Brazil,25.0,BR,33.9,Bras���,BRL,58.9,115.4,S����,Portuguese,63.9,14.2,-14.235004,-51.92528,America,1.02,75.7,8515770.0,730000.0,13.92,55.0,462299.0,167.4,3.7,1.73,1839758040766.0,51.3,12.8,60.0,1.53,28.3,212559417.0,65.1,12.08,183241641.0
24,Brunei,83.0,BN,2.7,Bandar Seri Begawan,BND,72.1,103.2,Unknown,Malay,64.7,16.3,4.535277,114.727669,Asia,0.37,75.7,5765.0,8000.0,14.9,673.0,7664.0,99.03,-0.4,1.85,13469422941.0,31.4,9.8,31.0,1.412,6.0,433285.0,8.0,9.12,337711.0
25,Bulgaria,64.0,BG,46.3,Sofia,BGN,35.4,89.3,Sofia,Bulgarian,55.4,20.2,42.733883,25.48583,Europa,1.11,74.9,110879.0,31000.0,8.9,359.0,41708.0,114.42,3.1,1.56,86000000000.0,71.0,5.9,10.0,1.57,47.7,6975761.0,28.3,4.34,5256027.0
26,Burkina Faso,76.0,BF,44.2,Ouagadougou,XOF,19.3,96.1,Ouagadougou,French,66.4,15.0,12.238333,-1.561593,Asia,0.98,61.2,274200.0,11000.0,37.93,226.0,3418.0,106.58,-3.2,5.19,15745810235.0,6.5,49.0,320.0,0.34,36.1,20321378.0,41.3,6.26,6092349.0
27,Burundi,463.0,BI,79.2,Bujumbura,BIF,10.9,121.4,Bujumbura,Kirundi,79.2,13.6,-3.373056,29.918886,Asia,1.21,61.2,27830.0,31000.0,39.01,257.0,495.0,182.11,-0.7,5.41,3012334882.0,6.1,41.0,548.0,1.58,19.1,11530580.0,41.2,1.43,1541177.0
28,Ivory Coast,83.0,CI,64.8,Yamoussoukro,XOF,32.7,99.8,Abidjan,French,57.0,11.8,7.539989,-5.54708,Asia,0.93,57.4,322463.0,27000.0,35.74,225.0,9674.0,111.61,-0.9,4.65,58792205642.0,9.3,59.4,617.0,0.36,36.0,25716544.0,50.1,3.32,13176900.0
29,Cape Verde,138.0,CV,19.6,Praia,CVE,22.5,104.0,Praia,Portuguese,60.5,20.1,16.5388,-23.0418,Asia,1.02,72.8,4033.0,1000.0,19.49,238.0,543.0,110.5,1.1,2.27,1981845741.0,23.6,16.7,58.0,0.68,23.2,483628.0,37.5,12.25,364029.0
30,Cambodia,95.0,KH,30.9,Phnom Penh,Unknown,52.9,107.4,Phnom Penh,Khmer language,82.3,17.1,12.565679,104.990963,Asia,0.9,69.6,181035.0,191000.0,22.46,855.0,9919.0,127.63,2.5,2.5,27089389787.0,13.7,24.0,160.0,1.0459999999999998,59.4,16486542.0,23.1,0.68,3924621.0
31,Cameroon,56.0,CM,20.6,Yaound�,XAF,39.3,103.4,Douala,French,76.1,12.8,7.369722,12.354722,Asia,1.03,58.9,475440.0,24000.0,35.39,237.0,8291.0,118.65,2.5,4.57,38760467033.0,12.8,50.6,529.0,0.35,69.7,25876380.0,57.7,3.38,14741256.0
32,Canada,4.0,CA,6.9,Ottawa,CAD,38.2,100.9,Toronto,French,65.1,12.8,56.130366,-106.346771,America,0.81,81.9,9984670.0,72000.0,10.1,1.0,544894.0,116.76,1.9,1.5,1736425629520.0,68.9,4.3,10.0,9.51,14.6,36991981.0,24.5,5.56,30628482.0
33,Central African Republic,8.0,CF,8.2,Bangui,Unknown,35.6,102.0,Bangui,French,72.0,8.6,6.611111,20.939444,Asia,1.41,52.8,622984.0,8000.0,35.35,236.0,297.0,186.86,37.1,4.72,2220307369.0,3.0,84.5,829.0,0.37,39.6,4745185.0,73.3,3.68,1982064.0
34,Chad,13.0,TD,39.7,N'Djamena,XAF,3.8,86.8,N'Djamena,French,70.7,16.3,15.454166,18.732207,Asia,0.78,54.0,1284000.0,35000.0,42.17,235.0,1016.0,117.7,-1.0,5.75,11314951343.0,3.3,71.4,1140.0,0.6,56.4,15946876.0,63.5,1.89,3712273.0
35,Chile,26.0,CL,21.2,Santiago,CLP,24.3,101.4,Santiago,Spanish,62.6,18.2,-35.675147,-71.542969,America,1.03,80.0,756096.0,122000.0,12.43,56.0,85822.0,131.91,2.6,1.65,282318159745.0,88.5,6.2,13.0,2.0,32.2,18952038.0,34.0,7.09,16610135.0
36,China,153.0,CN,56.2,Beijing,CNY,22.4,100.2,Shanghai,Standard Chinese,68.0,9.4,35.86166,104.195397,Asia,0.96,77.0,9596960.0,2695000.0,10.9,86.0,9893038.0,125.08,2.9,1.69,19910000000000.0,50.6,7.4,29.0,0.87,32.4,1397715000.0,59.2,4.32,842933962.0
37,Colombia,46.0,CO,40.3,Bogot�,COP,52.7,114.5,Bogot�,Spanish,68.8,14.4,4.570868,-74.297333,America,0.68,77.1,1138910.0,481000.0,14.88,57.0,97814.0,140.95,3.5,1.81,323802808108.0,55.3,12.2,83.0,1.23,18.3,50339443.0,71.2,9.71,40827302.0
38,Comoros,467.0,KM,71.5,"Moroni, Comoros",KMF,19.7,99.5,"Moroni, Comoros",French,43.3,16.3,-11.6455,43.3333,Africa,1.0571087652748048,64.1,2235.0,1400.0,31.88,269.0,202.0,103.62,-4.3,4.21,1185728677.0,9.0,51.3,273.0,0.71,74.8,850886.0,219.6,4.34,248152.0
39,Republic of the Congo,16.0,Unknown,31.1,Brazzaville,XAF,65.4,106.6,Brazzaville,French,69.4,9.0,-0.228021,15.827659,Asia,0.97,64.3,342000.0,12000.0,32.86,242.0,3282.0,124.74,2.2,4.43,10820591131.0,12.7,36.2,378.0,0.88,43.8,5380508.0,54.3,9.47,3625010.0
40,Costa Rica,100.0,CR,34.5,San Jos������,CRC,54.6,113.3,San Jos������,Spanish,62.1,13.6,9.748917,-83.753428,America,0.98,80.1,51100.0,10000.0,13.97,506.0,8023.0,128.85,2.1,1.75,61773944174.0,55.2,7.6,27.0,1.84,21.5,5047561.0,58.3,11.85,4041885.0
41,Croatia,73.0,HR,27.6,Zagreb,HRK,34.4,96.5,Zagreb,Croatian,51.2,22.0,45.1,15.2,Europa,1.26,78.1,56594.0,18000.0,9.0,385.0,17488.0,109.82,0.8,1.47,60415553039.0,67.9,4.0,8.0,2.92,15.2,4067500.0,20.5,6.93,2328318.0
42,Cuba,106.0,CU,59.9,Havana,CUP,31.3,101.9,Havana,Spanish,53.6,16.3,21.521757,-77.781167,America,1.4,78.7,110860.0,76000.0,10.17,53.0,28284.0,165.116,8.120000000000001,1.62,100023000000.0,41.4,3.7,36.0,0.05,33.34,11333483.0,41.620000000000005,1.64,8739135.0
43,Cyprus,131.0,CY,12.2,Nicosia,EUR,18.7,99.3,Statos�������,Greek,63.1,24.5,35.126413,33.429859,Asia,1.23,80.8,9251.0,16000.0,10.46,357.0,6626.0,102.51,0.3,1.33,24564647935.0,75.9,1.9,6.0,0.994,43.9,1198575.0,22.4,7.27,800708.0
44,Czech Republic,139.0,CZ,45.2,Prague,CZK,34.6,100.7,Prague,Czech,60.6,14.9,49.817492,15.472962,Europa,1.17,79.0,78867.0,23000.0,10.7,420.0,102218.0,116.48,2.8,1.69,246489245495.0,64.1,2.7,3.0,3.0,14.8,10669709.0,46.1,1.93,7887156.0
45,Democratic Republic of the Congo,40.0,CD,11.6,Kinshasa,CDF,67.2,108.0,Kinshasa,French,63.5,10.7,-4.038333,21.758664,Asia,1.49,60.4,2344858.0,134000.0,41.18,243.0,2021.0,133.85,2.9,5.92,47319624204.0,6.6,68.2,473.0,0.18,37.4,86790567.0,50.7,4.24,39095679.0
46,Denmark,137.0,DK,62.0,Copenhagen,DKK,14.7,101.3,Copenhagen,Danish,62.2,32.4,56.26392,9.501785,Europa,1.55,81.0,43094.0,15000.0,10.6,45.0,31786.0,110.35,0.8,1.73,348078018464.0,80.6,3.6,4.0,2.952,13.7,5818553.0,23.8,4.91,5119978.0
47,Djibouti,43.0,DJ,73.4,Djibouti City,DJF,0.2,75.3,Djibouti City,French,60.2,16.3,11.825138,42.590275,Asia,1.32,66.6,23200.0,13000.0,21.47,253.0,620.0,120.25,3.3,2.73,3318716359.0,5.3,49.8,248.0,1.62,20.4,973560.0,37.9,10.3,758549.0
48,Dominica,96.0,DM,33.3,Roseau,XCD,57.4,114.7,Roseau,English,62.45,22.1,15.414999,-61.370976,America,1.1288121122517911,76.6,751.0,1400.0,12.0,1.0,180.0,103.87,1.0,1.9,596033333.0,7.2,32.9,76.2,1.48,28.4,71808.0,32.6,9.224,50830.0
49,Dominican Republic,225.0,DO,48.7,Santo Domingo,DOP,41.7,105.7,Santo Domingo,Spanish,64.3,13.0,18.735693,-70.162651,America,1.07,73.9,48670.0,71000.0,19.51,1.0,25258.0,135.5,1.8,2.35,88941298258.0,59.9,24.1,95.0,0.4,43.7,10738958.0,48.8,5.84,8787475.0
50,Ecuador,71.0,EC,22.2,Quito,USD,50.2,103.3,Quito,Spanish,68.0,16.3,-1.831239,-78.183406,America,0.61,76.8,283561.0,41000.0,19.72,593.0,41155.0,124.14,0.3,2.43,107435665000.0,44.9,12.2,59.0,2.46,43.7,17373662.0,34.4,3.97,11116711.0
51,Egypt,103.0,EG,3.8,Cairo,EGP,0.1,106.3,Cairo,Modern Standard Arabic,46.4,12.5,26.820553,30.802498,Asia,0.4,71.8,1001450.0,836000.0,26.38,20.0,238560.0,288.57,9.2,3.33,303175127598.0,35.2,18.1,37.0,1.032,62.0,100388073.0,44.4,10.76,42895824.0
52,El Salvador,313.0,SV,76.4,San Salvador,Unknown,12.6,94.8,San Salvador,Spanish,59.1,18.1,13.794185,-88.89653,America,0.83,73.1,21041.0,42000.0,18.25,503.0,7169.0,111.23,0.1,2.04,27022640000.0,29.4,11.8,46.0,0.5,27.9,6453553.0,36.4,4.11,4694702.0
53,Equatorial Guinea,50.0,GQ,10.1,Malabo,XAF,55.5,61.8,Malabo,Spanish,62.0,6.1,1.650801,10.267895,Asia,1.038016053319804,58.4,28051.0,1000.0,33.24,240.0,5655.0,124.35,1.2,4.51,11026774945.0,1.9,62.6,301.0,1.05,72.0,1355986.0,79.4,6.43,984812.0
54,Eritrea,35.0,ER,75.2,Asmara,ERN,14.9,68.4,Asmara,Tigrinya,78.4,16.3,15.179384,39.782334,Asia,2.0,65.9,117600.0,202000.0,30.3,291.0,711.0,137.18,9.260000000000002,4.06,2065001626.0,3.4,31.3,480.0,1.174,52.4,6333135.0,83.7,5.14,1149670.0
55,Estonia,31.0,EE,23.1,Tallinn,EUR,51.3,97.2,Tallinn,Estonian,63.6,20.9,58.595272,25.013607,Europa,1.14,78.2,45228.0,6000.0,10.9,372.0,16590.0,122.14,2.3,1.59,31386949981.0,69.6,2.1,9.0,3.14,22.8,1331824.0,47.8,5.11,916024.0
56,Eswatini,67.0,Unknown,39.6,Mbabane,Unknown,32.0,102.55,Mbabane,English,62.45,28.6,-26.522503,31.465866,Africa,1.089682493364387,73.74213446541832,17364.0,5800.0,20.118,268.0,1260.8,197.678,13.16,2.628,3791304348.0,8.68,34.599999999999994,463.6,1.752,11.3,1093238.0,34.660000000000004,7.344000000000001,947791.6
57,Ethiopia,115.0,ET,36.3,Addis Ababa,ETB,12.5,101.0,Addis Ababa,Amharic,79.6,7.5,9.145,40.489673,Asia,0.75,66.2,1104300.0,138000.0,32.34,251.0,14870.0,143.86,15.8,4.25,96107662398.0,8.1,39.1,401.0,0.904,37.8,112078730.0,37.7,2.08,23788710.0
58,Fiji,49.0,FJ,23.3,Suva,FJD,55.9,106.4,Suva,Fiji Hindi,57.6,24.2,-17.713371,178.065032,Oceania,0.82,67.3,18274.0,4000.0,21.28,679.0,2046.0,132.3,1.8,2.77,5535548972.0,16.1,21.6,34.0,1.28,21.4,889953.0,32.1,4.1,505048.0
59,Finland,18.0,FI,7.5,Helsinki,EUR,73.1,100.2,Helsinki,Swedish,59.1,20.8,61.92411,25.748151,Europa,1.45,81.7,338145.0,25000.0,8.6,358.0,45871.0,112.33,1.0,1.41,268761201365.0,88.2,1.4,3.0,2.352,19.9,5520314.0,36.6,6.59,4716888.0
60,France,119.0,FR,52.4,Paris,EUR,31.2,102.5,Paris,French,55.1,24.2,46.227638,2.213749,Europa,1.39,82.5,643801.0,307000.0,11.3,33.0,303276.0,110.05,1.1,1.88,2715518274227.0,65.6,3.4,8.0,11.16,6.8,67059887.0,60.7,8.43,54123364.0
61,Gabon,9.0,GA,20.0,Libreville,XAF,90.0,139.9,Libreville,French,52.9,10.2,-0.803689,11.609444,Asia,0.92,66.2,267667.0,7000.0,31.61,241.0,5321.0,122.19,2.1,3.97,16657960228.0,8.3,32.7,252.0,1.46,25.9,2172579.0,47.1,20.0,1949694.0
62,The Gambia,239.0,GM,59.8,Banjul,GMD,48.4,98.0,Serekunda,English,59.4,9.4,13.443182,-15.310139,Asia,1.18,61.7,11300.0,1000.0,38.54,220.0,532.0,172.73,7.1,5.22,1763819048.0,2.7,39.0,597.0,0.13,20.3,2347706.0,48.4,9.06,1453958.0
63,Georgia,57.0,GE,34.5,Tbilisi,GEL,40.6,98.6,Tbilisi,Georgian,68.3,21.7,42.315407,43.356892,Asia,0.76,73.6,69700.0,26000.0,13.47,995.0,10128.0,133.61,4.9,2.06,17743195770.0,63.9,8.7,25.0,0.05,57.3,3720382.0,9.9,14.4,2196476.0
64,Germany,240.0,DE,47.7,Berlin,EUR,32.7,104.0,Berlin,German,60.8,11.5,51.165691,10.451526,Europa,1.39,80.9,357022.0,180000.0,9.5,49.0,727973.0,112.85,1.4,1.56,3845630030824.0,70.2,3.1,7.0,9.99,12.5,83132799.0,48.8,3.04,64324835.0
65,Ghana,137.0,GH,69.0,Accra,GHS,41.2,104.8,Accra,English,67.8,12.6,7.946527,-1.023194,Asia,0.92,63.8,238533.0,16000.0,29.41,233.0,16670.0,268.36,7.2,3.87,66983634224.0,15.7,34.9,308.0,0.27,36.1,30792608.0,55.4,4.33,17249054.0
66,Greece,81.0,GR,47.6,Athens,EUR,31.7,99.6,Macedonia,Greek,51.8,26.2,39.074208,21.824312,Europa,1.54,81.3,131957.0,146000.0,8.1,30.0,62434.0,101.87,0.2,1.35,209852761469.0,136.6,3.6,3.0,4.46,35.5,10716322.0,51.9,17.24,8507474.0
67,Grenada,331.0,GD,23.5,"St. George's, Grenada",XCD,50.0,106.9,"St. George's, Grenada",English,62.45,19.4,12.1165,-61.679,America,1.12,72.4,349.0,1400.0,16.47,1.0,268.0,107.43,0.8,2.06,1228170370.0,104.6,13.7,25.0,1.232,57.0,112003.0,47.8,4.0280000000000005,40765.0
68,Guatemala,167.0,GT,36.0,Guatemala City,GTQ,32.7,101.9,Guatemala City,Spanish,62.3,10.6,15.783471,-90.230759,America,0.79,74.1,108889.0,43000.0,24.56,502.0,16777.0,142.92,3.7,2.87,76710385880.0,21.8,22.1,95.0,1.6,55.8,16604026.0,35.2,2.46,8540945.0
69,Guinea,53.0,GN,59.0,Conakry,GNF,25.8,91.5,Kankan,French,61.5,10.8,9.945587,-9.696645,Asia,0.9,61.2,245857.0,13000.0,36.36,224.0,2996.0,262.95,9.5,4.7,13590281809.0,11.6,64.9,576.0,0.438,54.5,12771246.0,69.3,4.3,4661505.0
70,Guinea-Bissau,70.0,GW,58.0,Bissau,XOF,69.8,118.7,Bissau,Portuguese,72.0,10.3,11.803749,-15.180413,Asia,1.0209142857323998,58.0,36125.0,4000.0,35.13,245.0,293.0,111.65,1.4,4.48,1340389411.0,2.6,54.0,667.0,0.16,37.2,1920922.0,45.5,2.47,840922.0
71,Guyana,4.0,GY,8.6,"Georgetown, Guyana",GYD,83.9,97.8,"Georgetown, Guyana",English,56.2,16.3,4.860416,-58.93018,America,0.9,69.8,214969.0,3000.0,19.97,592.0,2384.0,116.19,2.1,2.46,4280443645.0,11.6,25.1,169.0,0.98,40.5,782766.0,30.6,11.85,208912.0
72,Haiti,414.0,HT,66.8,Port-au-Prince,HTG,3.5,113.6,Port-au-Prince,French,67.2,16.3,18.971187,-72.285215,America,0.81,63.7,27750.0,0.0,24.35,509.0,2978.0,179.29,12.5,2.94,8498981821.0,1.1,49.5,480.0,0.25,36.3,11263077.0,42.7,13.78,6328948.0
73,Vatican City,2003.0,Unknown,39.6,Vatican City,EUR,32.0,102.55,Unknown,Italian,62.45,16.3,41.902916,12.453389,Europa,1.0354948964062312,72.64278459175009,0.0,400.0,9.84,379.0,133.4,110.21,0.7,2.214,1731011227.2,48.64,10.260000000000002,48.0,4.306,20.7,836.0,50.00000000000001,12.488,19850.0
74,Honduras,89.0,HN,28.9,Tegucigalpa,HNL,40.0,91.5,Tegucigalpa,Spanish,68.8,17.3,15.199999,-86.241905,America,0.98,75.1,112090.0,23000.0,21.6,504.0,9813.0,150.34,4.4,2.46,25095395475.0,26.2,15.1,65.0,1.01,49.1,9746117.0,39.1,5.39,5626433.0
75,Hungary,107.0,HU,58.4,Budapest,HUF,22.9,100.8,Budapest,Hungarian,56.5,23.0,47.162494,19.503304,Europa,1.18,75.8,93028.0,40000.0,9.6,36.0,45537.0,121.64,3.3,1.54,160967157504.0,48.5,3.6,12.0,2.62,29.0,9769949.0,37.9,3.4,6999582.0
76,Iceland,3.0,IS,18.7,Reykjav��,ISK,0.5,100.4,Reykjav��,Icelandic,75.0,23.3,64.963051,-19.020835,Asia,1.69,82.7,103000.0,0.0,12.0,354.0,2065.0,129.0,3.0,1.71,24188035739.0,71.8,1.5,4.0,0.994,17.0,361313.0,31.9,2.84,339110.0
77,India,464.0,IN,60.4,New Delhi,INR,23.8,113.0,Kurebhar,Hindi,49.3,11.2,20.593684,78.96288,Asia,0.97,69.4,3287263.0,3031000.0,17.86,91.0,2407672.0,180.44,7.7,2.22,2611000000000.0,28.1,29.9,145.0,0.3,65.1,1366417754.0,49.7,5.36,471031528.0
78,Indonesia,151.0,ID,31.5,Jakarta,IDR,49.9,106.4,Kalimantan,Indonesian,67.5,10.2,-0.789275,113.921327,Asia,0.63,71.5,1904569.0,676000.0,18.07,62.0,563325.0,151.18,3.0,2.31,1119190780753.0,36.3,21.1,177.0,0.48,48.3,270203917.0,30.1,4.69,151509724.0
79,Iran,52.0,IR,28.2,Tehran,IRR,6.6,110.7,Tehran,Persian,44.7,7.4,32.427908,53.688046,Asia,0.4,76.5,1648195.0,563000.0,18.78,98.0,661710.0,550.93,39.9,2.14,445345282123.0,68.1,12.4,16.0,1.58,39.7,82913906.0,44.7,11.38,62509623.0
80,Iraq,93.0,IQ,21.4,Baghdad,IQD,1.9,108.7,Baghdad,Arabic,43.0,2.0,33.223191,43.679291,Asia,0.61,70.5,438317.0,209000.0,29.08,964.0,190061.0,119.86,0.4,3.67,234094042939.0,16.2,22.5,79.0,1.24,76.5,39309783.0,30.8,12.82,27783368.0
81,Republic of Ireland,72.0,Unknown,64.5,Dublin,EUR,11.0,100.9,Connacht,Irish,62.1,18.3,53.41291,-8.24389,Europa,1.37,82.3,70273.0,9000.0,12.5,353.0,37711.0,106.58,0.9,1.75,388698711348.0,77.8,3.1,5.0,10.79,15.2,5007069.0,26.1,4.93,3133123.0
82,Israel,400.0,IL,24.6,Jerusalem,ILS,7.7,104.9,Jerusalem,Hebrew,64.0,23.1,31.046051,34.851612,Asia,1.57,82.8,20770.0,178000.0,20.8,972.0,65166.0,108.15,0.8,3.09,395098666122.0,63.4,3.0,3.0,7.58,24.4,9053300.0,25.3,3.86,8374393.0
83,Italy,206.0,IT,43.2,Rome,EUR,31.8,101.9,Rome,Italian,49.6,24.3,41.87194,12.56738,Europa,1.61,82.9,301340.0,347000.0,7.3,39.0,320411.0,110.62,0.6,1.29,2001244392042.0,61.9,2.6,2.0,4.732000000000001,22.8,60297396.0,59.1,9.89,42651966.0
84,Jamaica,273.0,JM,41.0,"Kingston, Jamaica",JMD,30.9,91.0,"Kingston, Jamaica",Jamaican English,66.0,26.8,18.109581,-77.297508,America,1.11,74.4,10991.0,4000.0,16.1,1876.0,8225.0,162.47,3.9,1.98,16458071068.0,27.1,12.4,80.0,1.33,23.7,2948279.0,35.1,8.0,1650594.0
85,Japan,347.0,JP,12.3,Tokyo,Unknown,68.5,98.8,Tokyo,Unknown,61.7,11.9,36.204824,138.252924,Asia,1.06,84.2,377944.0,261000.0,7.4,81.0,1135886.0,105.48,0.5,1.42,5081769542380.0,63.2,1.8,5.0,6.77,13.1,126226568.0,46.7,2.29,115782416.0
86,Jordan,115.0,JO,12.0,Amman,JOD,1.1,81.5,Amman,Arabic,39.3,15.1,30.585164,36.238414,Asia,1.1,74.4,89342.0,116000.0,21.98,962.0,25108.0,125.6,0.8,2.76,43743661972.0,34.4,13.9,46.0,1.49,25.1,10101694.0,28.6,14.72,9213048.0
87,Kazakhstan,7.0,KZ,80.4,Astana,KZT,1.2,104.4,Almaty,Russian,68.8,11.7,48.019573,66.923684,Asia,0.42,73.2,2724900.0,71000.0,21.77,7.0,247207.0,182.75,5.2,2.84,180161741180.0,61.7,8.8,10.0,0.41,38.8,18513930.0,28.4,4.59,10652915.0
88,Kenya,94.0,KE,48.5,Nairobi,KES,7.8,103.2,Nairobi,Swahili,74.7,15.1,-0.023559,37.906193,Asia,0.95,66.3,580367.0,29000.0,28.75,254.0,17910.0,180.51,4.7,3.49,95503088538.0,11.5,30.6,342.0,0.25,33.4,52573973.0,37.2,2.64,14461523.0
89,Kiribati,147.0,KI,42.0,South Tarawa,AUD,15.0,101.3,South Tarawa,English,62.45,22.0,1.8368976,-157.3768317,America,0.9627562482699484,68.1,811.0,1400.0,27.89,686.0,66.0,99.55,0.6,3.57,194647202.0,22.46,41.2,92.0,1.684,0.2,117606.0,32.7,9.224,64489.0
90,Kuwait,240.0,KW,8.4,Kuwait City,KWD,0.4,92.4,Kuwait City,Modern Standard Arabic,73.5,1.4,29.31166,47.481766,Asia,0.35,75.4,17818.0,25000.0,13.94,965.0,98734.0,126.6,1.1,2.08,134761198946.0,54.4,6.7,12.0,0.95,14.4,4207083.0,13.0,2.18,4207083.0
91,Kyrgyzstan,34.0,KG,55.0,Bishkek,KGS,3.3,107.6,Bishkek,Russian,59.8,18.0,41.20438,74.766098,Asia,0.56,71.4,199951.0,21000.0,27.1,996.0,9787.0,155.68,1.1,3.3,8454619608.0,41.3,16.9,60.0,0.09,48.2,6456900.0,29.0,6.33,2362644.0
92,Laos,32.0,LA,10.3,Vientiane,LAK,82.1,102.4,Vientiane,Lao,78.5,12.9,19.85627,102.495496,Asia,0.93,67.6,236800.0,129000.0,23.55,856.0,17763.0,135.87,3.3,2.67,18173839128.0,15.0,37.6,185.0,0.83,45.4,7169455.0,24.1,0.63,2555552.0
93,Latvia,30.0,LV,31.1,Riga,EUR,54.0,99.4,Riga,Latvian,61.4,22.9,56.879635,24.603189,Europa,1.16,74.7,64589.0,6000.0,10.0,371.0,7004.0,116.86,2.8,1.6,34117202555.0,88.1,3.3,19.0,2.8,41.6,1912789.0,38.1,6.52,1304943.0
94,Lebanon,667.0,LB,64.3,Beirut,LBP,13.4,95.1,"Tripoli, Lebanon",Arabic,47.0,15.3,33.854721,35.862285,Asia,0.74,78.9,10400.0,80000.0,17.55,961.0,24796.0,130.02,3.0,2.09,53367042272.0,26.3,6.4,29.0,2.15,32.1,6855713.0,32.2,6.23,6084994.0
95,Lesotho,71.0,LS,77.6,Maseru,Unknown,1.6,120.9,Maseru,English,67.9,31.6,-29.609988,28.233608,Africa,0.7,53.7,30355.0,2000.0,26.81,266.0,2512.0,155.86,5.2,3.14,2460072444.0,10.2,65.7,544.0,0.41,16.9,2125268.0,13.6,23.41,607508.0
96,Liberia,53.0,LR,28.0,Monrovia,Unknown,43.1,85.1,Monrovia,English,76.3,12.9,6.428055,-9.429499,Asia,0.8,63.7,111369.0,2000.0,33.04,231.0,1386.0,223.13,23.6,4.32,3070518100.0,11.9,53.5,661.0,0.17,19.6,4937374.0,46.2,2.81,2548426.0
97,Libya,4.0,LY,8.7,Unknown,LYD,0.1,109.0,Unknown,Arabic,49.7,16.3,26.3351,17.228331,Asia,0.11,72.7,1759540.0,0.0,18.83,218.0,50564.0,125.71,2.6,2.24,52076250948.0,60.5,10.2,72.0,1.88,36.7,6777452.0,32.6,18.56,5448597.0
98,Liechtenstein,238.0,LI,32.2,Vaduz,CHF,43.1,104.7,Schaan,German,62.45,16.3,47.1410392,9.520935,Europa,1.74,83.0,160.0,10400.0,9.9,423.0,51.0,119.328,1.52,1.44,6552858739.0,35.6,17.08,251.0,3.02,24.78,38019.0,21.6,7.342,5464.0
99,Lithuania,43.0,LT,47.2,Vilnius,EUR,34.8,103.9,Vilnius,Lithuanian,61.6,16.9,55.169438,23.881275,Europa,1.16,75.7,65300.0,34000.0,10.0,370.0,12963.0,118.38,2.3,1.63,54219315600.0,72.4,3.3,8.0,2.41,32.1,2786844.0,42.6,6.35,1891013.0
100,Luxembourg,242.0,LU,53.7,Luxembourg City,EUR,35.7,102.3,Luxembourg City,Luxembourgish,59.3,26.5,49.815273,6.129583,Europa,1.19,82.1,2586.0,2000.0,10.3,352.0,8988.0,115.09,1.7,1.37,71104919108.0,19.2,1.9,5.0,13.05,10.6,645397.0,20.4,5.36,565488.0
101,Madagascar,48.0,MG,71.2,Antananarivo,MGA,21.4,142.5,Antananarivo,French,86.1,10.2,-18.766947,46.869107,Africa,1.11,66.7,587041.0,22000.0,32.66,261.0,3905.0,184.33,5.6,4.08,14083906357.0,5.4,38.2,335.0,0.21,21.7,26969307.0,38.3,1.76,10210849.0
102,Malawi,203.0,MW,61.4,Lilongwe,MWK,33.2,142.5,Lilongwe,English,76.7,17.3,-13.254308,34.301525,Africa,1.15,63.8,118484.0,15000.0,34.12,265.0,1298.0,418.34,9.4,4.21,7666704427.0,0.8,35.3,349.0,0.12,11.0,18628747.0,34.5,5.65,3199301.0
103,Malaysia,99.0,MY,26.3,Kuala Lumpur,MYR,67.6,105.3,Johor Bahru,Malaysian language,64.3,12.0,4.210484,101.975766,Asia,0.45,76.0,329847.0,136000.0,16.75,60.0,248289.0,121.46,0.7,2.0,364701517788.0,45.1,6.7,29.0,0.93,36.7,32447385.0,38.7,3.32,24475766.0
104,Maldives,1802.0,MV,26.3,Mal�,Unknown,3.3,97.1,Mal�,Divehi,69.8,19.5,3.202778,73.22068,Asia,1.63,78.6,298.0,5000.0,14.2,960.0,1445.0,99.7,0.2,1.87,5729248472.0,31.2,7.4,53.0,1.392,16.4,530953.0,30.2,6.14,213645.0
105,Mali,17.0,ML,33.8,Bamako,XOF,3.8,75.6,Bamako,French,70.8,11.6,17.570692,-3.996166,Asia,1.12,58.9,1240192.0,18000.0,41.54,223.0,3179.0,108.73,-1.7,5.88,17510141171.0,4.5,62.0,562.0,0.23,46.3,19658031.0,54.5,7.22,8479688.0
106,Malta,1380.0,MT,32.4,Valletta,EUR,1.1,105.0,Birkirkara,Maltese,56.5,26.2,35.937496,14.375416,Europa,1.36,82.3,316.0,2000.0,9.2,356.0,1342.0,113.45,1.6,1.23,14786156563.0,54.3,6.1,6.0,5.07,37.1,502653.0,44.0,3.47,475902.0
107,Marshall Islands,329.0,MH,63.9,Majuro,USD,70.2,84.7,Majuro,Marshallese,62.45,17.8,7.131474,171.184478,Asia,1.44,65.2,181.0,1400.0,29.03,692.0,143.0,127.2,3.5400000000000005,4.05,221278000.0,23.7,27.4,86.0,2.0,10.0,58791.0,65.9,9.224,45514.0
108,Mauritania,5.0,MR,38.5,Nouakchott,MRU,0.2,99.9,Nouakchott,Arabic,45.9,16.3,21.00789,-10.940835,Asia,1.13,64.7,1030700.0,21000.0,33.69,222.0,2739.0,135.02,2.3,4.56,7593752450.0,5.0,51.5,766.0,0.53,48.2,4525696.0,67.0,9.55,2466821.0
109,Mauritius,626.0,MU,42.4,Port Louis,MUR,19.0,101.1,Port Louis,French,58.3,19.1,-20.348404,57.552152,Oceania,1.12,74.4,2040.0,3000.0,10.2,230.0,4349.0,129.91,0.4,1.41,14180444557.0,40.6,13.6,61.0,0.38,50.7,1265711.0,22.2,6.67,515980.0
110,Mexico,66.0,MX,54.6,Mexico City,MXN,33.9,105.8,Mexico City,Unknown,60.7,13.1,23.634501,-102.552784,America,0.73,75.0,1964375.0,336000.0,17.6,52.0,486406.0,141.54,3.6,2.13,1258286717125.0,40.2,11.0,33.0,0.49,41.4,126014024.0,55.1,3.42,102626859.0
111,Federated States of Micronesia,784.0,FM,31.4,Palikir,USD,91.9,97.2,Palikir,English,62.45,25.2,7.425554,150.550812,Asia,0.9730635940404108,67.8,702.0,1400.0,22.82,691.0,143.0,112.1,0.5,3.05,401932279.0,14.1,25.6,88.0,1.684,2.5,113815.0,60.5,9.224,25963.0
112,Moldova,123.0,MD,74.2,Chi����,MDL,12.6,90.6,Chi����,Romanian,43.1,17.7,47.411631,28.369885,Europa,0.8,71.8,33851.0,7000.0,10.1,373.0,5115.0,166.2,4.8,1.26,11955435457.0,39.8,13.6,19.0,0.31,46.2,2657637.0,38.7,5.47,1135502.0
113,Monaco,26337.0,MC,39.6,Monaco City,EUR,32.0,102.55,Monaco City,French,62.45,16.3,43.7384176,7.4246158,Europa,2.0,82.20986519494559,2.0,14800.0,5.9,377.0,3837.0,207.38,6.260000000000001,3.4199999999999995,7184844193.0,22.8,2.6,334.4,11.72,6.1,38964.0,43.88,9.266,38964.0
114,Mongolia,2.0,MN,71.5,Ulaanbaatar,MNT,8.0,104.0,Ulaanbaatar,Mongolian,59.7,16.8,46.862496,103.846656,Asia,0.72,69.7,1564116.0,18000.0,24.13,976.0,25368.0,195.76,7.3,2.9,13852850259.0,65.6,14.0,45.0,0.65,39.3,3225167.0,25.7,6.01,2210626.0
115,Montenegro,47.0,ME,19.0,Podgorica,EUR,61.5,100.0,Podgorica,Montenegrin language,54.4,16.3,42.708678,19.37439,Europa,1.16,76.8,13812.0,12000.0,11.73,382.0,2017.0,116.32,2.6,1.75,5494736901.0,56.1,2.3,6.0,1.23,31.8,622137.0,22.2,14.88,417765.0
116,Morocco,83.0,MA,68.5,Rabat,MAD,12.6,113.9,Casablanca,Arabic,45.3,21.9,31.791702,-7.09262,Asia,0.99,76.5,446550.0,246000.0,18.94,212.0,61276.0,111.07,0.2,2.42,118725279596.0,35.9,19.2,70.0,1.6,53.1,36910560.0,45.8,9.02,22975026.0
117,Mozambique,40.0,MZ,63.5,Maputo,MZN,48.0,112.6,Maputo,Portuguese,78.1,0.0,-18.665695,35.529562,Africa,0.65,60.2,799380.0,11000.0,37.52,258.0,7943.0,182.31,2.8,4.85,14934159926.0,7.3,54.0,289.0,0.27,6.8,30366036.0,36.1,3.24,11092106.0
118,Myanmar,83.0,MM,19.5,Naypyidaw,MMK,43.6,112.3,Yangon,Burmese,61.7,5.4,21.916221,95.955974,Asia,0.54,66.9,676578.0,513000.0,17.55,95.0,25280.0,168.18,8.8,2.15,76085852617.0,18.8,36.8,250.0,0.39,73.9,54045420.0,31.2,1.58,16674093.0
119,Namibia,3.0,Unknown,47.1,Windhoek,Unknown,8.3,124.2,Windhoek,English,59.5,27.1,-22.95764,18.49041,Africa,0.76,63.4,824292.0,16000.0,28.64,264.0,4228.0,157.97,3.7,3.4,12366527719.0,22.9,29.0,195.0,1.398,8.3,2494530.0,20.7,20.27,1273258.0
120,Nauru,541.0,NR,39.6,Yaren District,AUD,32.0,102.55,Unknown,English,62.45,16.3,-0.522778,166.931503,Asia,0.9621542780030212,72.4326912452541,21.0,1400.0,25.056,674.0,117.4,127.2,3.5400000000000005,3.44,133000000.0,22.46,26.28,86.0,1.684,7.040000000000001,10084.0,54.54,9.224,31563.8
121,Nepal,203.0,NP,28.7,Kathmandu,NPR,25.4,142.1,Kathmandu,Nepali,83.8,20.7,28.394857,84.124008,Asia,0.91,70.5,147181.0,112000.0,19.89,977.0,9105.0,188.73,5.6,1.92,30641380604.0,12.4,26.7,186.0,0.36,60.4,28608710.0,41.8,1.41,5765513.0
122,Netherlands,508.0,NL,53.3,Amsterdam,Unknown,11.2,104.2,Amsterdam,Dutch,63.6,23.0,52.132633,5.291266,Europa,1.68,81.8,41543.0,41000.0,9.7,31.0,170780.0,115.91,2.6,1.59,909070395161.0,85.0,3.3,5.0,10.29,12.3,17332850.0,41.2,3.2,15924729.0
123,New Zealand,18.0,NZ,40.5,Wellington,NZD,38.6,100.0,Auckland,English,69.9,29.0,-40.900557,174.885971,Oceania,1.4,81.9,268838.0,9000.0,11.98,64.0,34382.0,114.24,1.6,1.71,206928765544.0,82.0,4.7,9.0,11.49,12.6,4841000.0,34.6,4.07,4258860.0
124,Nicaragua,55.0,NI,42.1,Managua,NIO,25.9,120.6,Managua,Spanish,66.4,15.6,12.865416,-85.207229,America,0.91,74.3,130370.0,12000.0,20.64,505.0,5592.0,162.74,5.4,2.4,12520915291.0,17.4,15.7,98.0,0.54,36.0,6545502.0,60.6,6.84,3846137.0
125,Niger,19.0,NE,36.1,Niamey,XOF,0.9,74.7,Niamey,French,72.0,11.8,17.607789,8.081666,Asia,0.88,62.0,1267000.0,10000.0,46.08,227.0,2017.0,109.32,-2.5,6.91,12928145120.0,4.4,48.0,509.0,0.29,52.3,23310715.0,47.2,0.47,3850231.0
126,Nigeria,226.0,NG,77.7,Abuja,NGN,7.2,84.7,Lagos,English,52.9,1.5,9.081999,8.675277,Asia,0.46,54.3,923768.0,215000.0,37.91,234.0,120369.0,267.51,11.4,5.39,448120428859.0,10.2,75.7,917.0,0.54,72.2,200963599.0,34.8,8.1,102806948.0
127,North Korea,214.0,KP,21.8,Pyongyang,KPW,40.7,112.8,Pyongyang,Korean,80.4,16.3,40.339852,127.510093,Asia,0.58,72.1,120538.0,1469000.0,13.89,850.0,28284.0,145.846,3.22,1.9,32100000000.0,27.0,13.7,89.0,1.362,44.940000000000005,25666161.0,36.89999999999999,2.74,15947412.0
128,North Macedonia,83.0,Unknown,39.6,Skopje,MKD,32.0,102.55,Skopje,Macedonian,62.45,16.3,41.608635,21.745275,Europa,1.02543199840314,72.36640022176131,25713.0,16600.0,32.864000000000004,389.0,2809.2,139.434,3.66,4.3340000000000005,10220781069.0,5.140000000000001,49.34,509.4,0.6180000000000001,35.6,1836713.0,54.620000000000005,6.5200000000000005,3367429.4
129,Norway,15.0,NO,2.7,Oslo,NOK,33.2,100.3,Oslo,Norwegian,63.8,23.9,60.472024,8.468946,Europa,1.78,82.8,323802.0,23000.0,10.4,47.0,41023.0,120.27,2.2,1.56,403336363636.0,82.0,2.1,2.0,4.4,14.3,5347896.0,36.2,3.35,4418218.0
130,Oman,16.0,OM,4.6,Muscat,OMR,0.0,103.4,Seeb,Arabic,72.4,2.5,21.4735329,55.975413,Asia,0.45,77.6,309500.0,47000.0,19.19,968.0,63457.0,113.53,0.1,2.89,76983094928.0,38.0,9.8,19.0,4.33,6.4,5266535.0,27.4,2.67,4250777.0
131,Pakistan,287.0,PK,47.8,Islamabad,PKR,1.9,94.3,Karachi,Urdu,52.6,9.2,30.375321,69.345116,Asia,0.79,67.1,796095.0,936000.0,28.25,92.0,201150.0,182.32,10.6,3.51,304400000000.0,9.0,57.2,140.0,0.69,66.5,216565318.0,33.9,4.45,79927762.0
132,Palau,39.0,PW,10.9,Ngerulmud,USD,87.6,112.6,Koror,English,62.45,21.3,7.51498,134.58252,Asia,0.9888296158288756,69.1,459.0,1400.0,14.0,680.0,224.0,118.17,1.3,2.21,283994900.0,54.7,16.6,86.0,3.0,21.8,18233.0,76.6,9.224,14491.0
133,Palestinian National Authority,847.0,Unknown,39.6,Unknown,Unknown,32.0,102.55,Unknown,Arabic,62.45,16.3,31.952162,35.233154,Asia,1.0063688264444952,72.38157110900532,689624.3659793815,159274.85380116958,20.214973544973542,360.5463917525773,177799.23936170212,190.46095505617976,6.722346368715083,2.6981382978723403,477295901399.5389,37.96338797814208,21.33280423280424,160.39226519337018,2.1941333333333333,32.6372340425532,39381164.01030928,40.822404371584696,6.886363636363637,22304543.215789475
134,Panama,58.0,PA,30.4,Panama City,Unknown,61.9,94.4,Panama City,Spanish,66.6,16.3,8.537981,-80.782127,America,0.74,78.3,75420.0,26000.0,18.98,507.0,10715.0,122.07,-0.4,2.46,66800800000.0,47.8,13.1,52.0,1.53,30.5,4246439.0,37.2,3.9,2890084.0
135,Papua New Guinea,20.0,PG,2.6,Port Moresby,PGK,74.1,108.5,Port Moresby,Tok Pisin,47.2,13.6,-6.314993,143.95555,Asia,1.36,64.3,462840.0,4000.0,27.07,675.0,7536.0,155.99,3.6,3.56,24969611435.0,1.8,38.0,145.0,1.16,5.8,8776109.0,37.1,2.46,1162834.0
136,Paraguay,18.0,PY,55.1,Asunci��,PYG,37.7,104.4,Ciudad del Este,Spanish,72.1,10.0,-23.442503,-58.443832,America,1.04,74.1,406752.0,27000.0,20.57,595.0,7407.0,143.82,2.8,2.43,38145288940.0,34.6,17.2,129.0,1.55,36.5,7044636.0,35.0,4.81,4359150.0
137,Peru,26.0,PE,18.5,Lima,PEN,57.7,106.9,Lima,Spanish,77.6,14.3,-9.189967,-75.015152,America,0.99,76.5,1285216.0,158000.0,17.95,51.0,57414.0,129.78,2.1,2.25,226848050820.0,70.7,11.1,88.0,1.28,30.9,32510453.0,36.8,3.31,25390339.0
138,Philippines,368.0,PH,41.7,Manila,PHP,27.8,107.5,Manila,English,59.6,14.0,12.879721,121.774017,Asia,0.86,71.1,300000.0,153000.0,20.55,63.0,122287.0,129.61,2.5,2.58,376795508680.0,35.5,22.5,121.0,1.12,53.5,108116615.0,43.1,2.15,50975903.0
139,Poland,124.0,PL,46.9,Warsaw,PLN,30.9,100.0,Warsaw,Polish,56.7,17.4,51.919438,19.145136,Europa,1.07,77.6,312685.0,191000.0,10.2,48.0,299037.0,114.11,2.2,1.46,592164400688.0,67.8,3.8,2.0,2.93,23.2,37970874.0,40.8,3.47,22796574.0
140,Portugal,111.0,PT,39.5,Lisbon,EUR,34.6,106.2,Lisbon,Portuguese,58.8,22.8,39.399872,-8.224454,Europa,1.54,81.3,92212.0,52000.0,8.5,351.0,48742.0,110.62,0.3,1.38,237686075635.0,63.9,3.1,8.0,3.78,27.7,10269417.0,39.8,6.33,6753579.0
141,Qatar,248.0,QA,5.8,Doha,QAR,0.0,103.8,Doha,Arabic,86.8,14.7,25.354826,51.183884,Asia,0.4,80.1,11586.0,22000.0,9.54,974.0,103259.0,115.38,-0.7,1.87,183466208791.0,17.9,5.8,9.0,3.986,6.2,2832067.0,11.3,0.09,2809071.0
142,Romania,84.0,RO,58.8,Bucharest,RON,30.1,85.2,Bucharest,Romanian,54.7,14.6,45.943161,24.96676,Europa,1.16,75.4,238391.0,126000.0,9.6,40.0,69259.0,123.78,3.8,1.71,250077444017.0,49.4,6.1,19.0,2.25,21.3,19356544.0,20.0,3.98,10468793.0
143,Russia,9.0,RU,13.3,Moscow,RUB,49.8,102.6,Moscow,Russian,61.8,11.4,61.52401,105.318756,Asia,0.59,72.7,17098240.0,1454000.0,11.5,7.0,1732027.0,180.75,4.5,1.57,1699876578871.0,81.9,6.1,17.0,0.53,36.4,144373535.0,46.2,4.59,107683889.0
144,Rwanda,525.0,RW,73.4,Kigali,RWF,19.7,133.0,Kigali,Swahili,83.7,14.3,-1.940278,29.873888,Asia,1.17,68.7,26338.0,35000.0,31.7,250.0,1115.0,151.09,3.4,4.04,10122472590.0,6.7,27.0,248.0,0.5740000000000001,26.0,12626950.0,33.2,1.03,2186104.0
145,Saint Kitts and Nevis,205.0,KN,23.1,Basseterre,XCD,42.3,108.7,Basseterre,English,62.45,18.5,17.357822,-62.782998,America,1.1680972029204402,71.3,261.0,1400.0,12.6,1.0,238.0,104.57,-1.0,2.11,1050992593.0,86.7,9.8,96.2,3.33,56.6,52823.0,49.7,7.688,16269.0
146,Saint Lucia,301.0,LC,17.4,Castries,XCD,33.2,102.6,Castries,English,67.1,18.2,13.909444,-60.978893,America,1.3,76.1,616.0,43800.0,12.0,1.0,414.0,110.13,1.9,1.44,2122450630.0,14.1,14.9,117.0,0.686,48.4,182790.0,34.7,20.71,34280.0
147,Saint Vincent and the Grenadines,284.0,VC,25.6,Kingstown,XCD,69.2,113.4,Calliaqua,English,65.9,25.4,12.984305,-61.287228,America,1.1561401597006584,72.4,389.0,1400.0,14.24,1.0,220.0,109.67,2.3,1.89,825385185.0,23.7,14.8,68.0,1.16,21.4,100455.0,37.0,18.88,58185.0
148,Samoa,70.0,WS,12.4,Apia,WST,60.4,110.5,Apia,Samoan,43.7,25.5,-13.759029,-172.104629,Oceania,0.91,73.2,2831.0,1400.0,24.38,685.0,246.0,117.56,1.0,3.88,850655017.0,7.6,13.6,43.0,0.78,11.5,202506.0,19.3,8.36,35588.0
149,San Marino,566.0,SM,16.7,City of San Marino,EUR,0.0,108.1,City of San Marino,Italian,62.45,18.1,43.94236,12.457777,Europa,1.0859766325019515,85.4,61.0,1000.0,6.8,378.0,471.6,110.63,1.0,1.26,1637931034.0,42.5,1.7,187.6,1.234,18.3,33860.0,36.2,4.614,32969.0
150,S�����������,228.0,ST,50.7,S����,STN,55.8,106.8,S����,Unknown,57.8,14.6,,,Oceania,1.082422481035775,70.2,964.0,1000.0,31.54,239.0,121.0,185.09,7.9,4.32,429016605.0,13.4,24.4,130.0,1.684,11.7,215056.0,37.0,13.37,158277.0
151,Saudi Arabia,16.0,SA,80.8,Riyadh,SAR,0.5,99.8,Riyadh,Arabic,55.9,8.9,23.885942,45.079162,Asia,0.24,75.0,2149690.0,252000.0,17.8,966.0,563449.0,118.4,-1.2,2.32,792966838162.0,68.0,6.0,17.0,3.85,15.0,34268528.0,15.7,5.93,28807838.0
152,Senegal,87.0,SN,46.1,Dakar,XOF,42.8,81.0,Pikine,French,45.7,16.3,14.497401,-14.452362,Asia,1.14,67.7,196722.0,19000.0,34.52,221.0,10902.0,109.25,1.8,4.63,23578084052.0,12.8,31.8,315.0,0.31,44.2,16296364.0,44.8,6.6,7765706.0
153,Serbia,100.0,RS,39.3,Belgrade,RSD,31.1,100.3,Belgrade,Serbian,54.9,18.6,44.016521,21.005859,Europa,1.16,75.5,77474.0,32000.0,9.2,381.0,45221.0,144.0,1.8,1.49,51409167351.0,67.2,4.8,12.0,1.57,40.6,6944975.0,36.6,12.69,3907243.0
154,Seychelles,214.0,SC,3.4,"Victoria, Seychelles",SCR,88.4,100.4,"Victoria, Seychelles",French,62.45,34.1,-4.679574,55.491977,Asia,1.1076183036886529,72.8,455.0,0.0,17.1,248.0,605.0,129.96,1.8,2.41,1698843063.0,17.1,12.4,53.0,2.0,2.5,97625.0,30.1,6.569999999999999,55762.0
155,Sierra Leone,111.0,SL,54.7,Freetown,SLL,43.1,112.8,Freetown,English,57.9,8.6,8.460555,-11.779889,Asia,1.08,54.3,71740.0,9000.0,33.41,232.0,1093.0,234.16,14.8,4.26,3941474311.0,2.0,78.5,1120.0,0.57,38.2,7813215.0,30.7,4.43,3319366.0
156,Singapore,8358.0,SG,0.9,Unknown,SGD,23.1,100.6,Unknown,Malay,70.5,13.1,1.352083,103.819836,Asia,1.25,83.1,716.0,81000.0,8.8,65.0,37535.0,114.41,0.6,1.14,372062527489.0,84.8,2.3,8.0,4.33,36.7,5703569.0,21.0,4.11,5703569.0
157,Slovakia,114.0,SK,39.2,Bratislava,EUR,40.4,98.7,Bratislava,Slovak,59.5,18.7,48.669026,19.699024,Europa,1.32,77.2,49035.0,16000.0,10.6,421.0,32424.0,115.34,2.7,1.52,105422304976.0,46.6,4.6,5.0,3.11,18.4,5454073.0,49.7,5.56,2930419.0
158,Slovenia,103.0,SI,30.7,Ljubljana,EUR,62.0,100.4,Ljubljana,Slovene language,58.4,18.6,46.151241,14.995463,Europa,1.32,81.0,20273.0,7000.0,9.4,386.0,12633.0,111.05,1.6,1.6,53742159517.0,78.6,1.7,7.0,5.25,12.5,2087946.0,31.0,4.2,1144654.0
159,Solomon Islands,25.0,SB,3.9,Honiara,SBD,77.9,106.2,Honiara,English,83.8,29.5,-9.64571,160.156194,Asia,0.9679048665793912,72.8,28896.0,1400.0,32.44,677.0,169.0,133.06,1.6,4.4,1425074226.0,35.3,17.1,104.0,0.4,3.3,669823.0,32.0,0.58,162164.0
160,Somalia,25.0,SO,70.3,Mogadishu,SOS,10.0,23.4,Bosaso,Arabic,47.4,0.0,5.152149,46.199616,Asia,1.41,57.1,637657.0,20000.0,41.75,252.0,645.0,154.91199999999998,6.3,6.07,4720727278.0,2.5,76.6,829.0,1.25,35.720000000000006,15442905.0,32.9,11.35,7034861.0
161,South Africa,49.0,ZA,79.8,Pretoria,ZAR,7.6,100.9,Johannesburg,Afrikaans,56.0,27.5,-30.559482,22.937506,Africa,0.92,63.9,1219090.0,80000.0,20.51,27.0,476644.0,158.93,4.1,2.41,351431649241.0,22.4,28.5,119.0,4.33,7.7,58558270.0,29.2,28.18,39149717.0
162,South Korea,527.0,KR,17.4,Seoul,KRW,63.4,98.1,Seoul,Korean,63.0,15.6,35.907757,127.766922,Asia,1.22,82.6,99720.0,634000.0,6.4,82.0,620302.0,115.16,0.4,0.98,2029000000000.0,94.3,2.7,11.0,6.49,36.8,51709098.0,33.2,4.15,42106719.0
163,South Sudan,18.0,SS,39.6,Juba,SSP,32.0,73.0,Juba,English,72.4,16.3,6.8769919,31.3069788,Asia,0.28,57.6,644329.0,185000.0,35.01,211.0,1727.0,4583.71,187.9,4.7,11997800751.0,19.7,63.7,1150.0,1.398,61.3,11062113.0,31.4,12.24,2201250.0
164,Spain,94.0,ES,52.6,Madrid,EUR,36.9,102.7,Madrid,Spanish,57.5,14.2,40.463667,-3.74922,Europa,1.26,83.3,505370.0,196000.0,7.9,34.0,244002.0,110.96,0.7,1.26,1394116310769.0,88.9,2.5,4.0,5.6,24.2,47076781.0,47.0,13.96,37927409.0
165,Sri Lanka,341.0,LK,43.7,Colombo,LKR,32.9,100.2,Colombo,Tamil,53.9,11.9,7.873054,80.771797,Asia,0.88,76.8,65610.0,317000.0,15.83,94.0,23362.0,155.53,3.5,2.2,84008783756.0,19.6,6.4,36.0,0.35,38.4,21803000.0,55.2,4.2,4052088.0
166,Sudan,25.0,SD,28.7,Khartoum,SDG,8.1,76.8,Omdurman,Arabic,48.4,8.0,12.862807,30.217636,Asia,0.95,65.1,1861484.0,124000.0,32.18,249.0,20000.0,1344.19,51.0,4.41,18902284476.0,16.9,42.1,295.0,0.41,63.2,42813238.0,45.4,16.53,14957233.0
167,Suriname,4.0,SR,0.6,Paramaribo,SRD,98.3,108.8,Paramaribo,Dutch,51.1,19.5,3.919305,-56.027783,America,1.29,71.6,163820.0,2000.0,18.54,597.0,1738.0,294.66,22.0,2.42,3985250737.0,12.6,16.9,120.0,2.2960000000000003,10.1,581372.0,27.9,7.33,384258.0
168,Sweden,25.0,SE,7.4,Stockholm,SEK,68.9,126.6,S�����,Swedish,64.6,27.9,60.128161,18.643501,Europa,1.42,82.5,450295.0,30000.0,11.4,46.0,43252.0,110.51,1.8,1.76,530832908738.0,67.0,2.2,4.0,3.532,15.2,10285453.0,49.1,6.48,9021165.0
169,Switzerland,219.0,CH,38.4,Bern,CHF,31.8,105.2,Z���,German,68.3,10.1,46.818188,8.227512,Europa,1.45,83.6,41277.0,21000.0,10.0,41.0,34477.0,99.55,0.4,1.52,703082435360.0,59.6,3.7,5.0,4.32,28.3,8574832.0,28.8,4.58,6332428.0
170,Syria,95.0,SY,75.8,Damascus,SYP,2.7,81.7,Damascus,Arabic,44.1,14.2,34.802075,38.996815,Asia,0.83,71.8,185180.0,239000.0,23.69,963.0,28830.0,143.2,36.7,2.81,40405006007.0,40.1,14.0,31.0,1.02,53.7,17070135.0,42.7,8.37,9358019.0
171,Tajikistan,68.0,TJ,34.1,Dushanbe,TJS,3.0,100.9,Dushanbe,Persian,42.0,9.8,38.861034,71.276093,Asia,0.71,70.9,144100.0,17000.0,30.76,992.0,5310.0,148.57,6.0,3.59,8116626794.0,31.3,30.4,17.0,0.23,63.1,9321018.0,67.3,11.02,2545477.0
172,Tanzania,67.0,TZ,44.8,Dodoma,TZS,51.6,94.2,Dar es Salaam,Swahili,83.4,11.5,-6.369028,34.888822,Asia,0.87,65.0,947300.0,28000.0,36.7,255.0,11973.0,187.43,3.5,4.89,63177068175.0,4.0,37.6,524.0,0.09,26.1,58005463.0,43.8,1.98,20011885.0
173,Thailand,137.0,TH,43.3,Bangkok,THB,32.2,99.8,Bangkok,Thai,67.3,14.9,15.870032,100.992541,Asia,0.71,76.9,513120.0,455000.0,10.34,66.0,283763.0,113.27,0.7,1.53,543649976166.0,49.3,7.8,37.0,1.06,11.8,69625582.0,29.5,0.75,35294600.0
174,East Timor,89.0,TL,25.6,Dili,USD,45.4,115.3,Dili,Portuguese,67.3,25.0,-8.874217,125.727539,Asia,1.1,69.3,14874.0,2000.0,29.42,670.0,495.0,145.38,2.6,4.02,1673540300.0,17.8,39.3,142.0,0.6,10.2,3500000.0,17.3,4.55,400182.0
175,Togo,152.0,TG,70.2,Lom�,XOF,3.1,123.8,Lom�,French,77.6,16.9,8.619543,0.824782,Asia,0.71,60.8,56785.0,10000.0,33.11,228.0,3000.0,113.3,0.7,4.32,5459979417.0,14.5,47.4,396.0,0.34,51.0,8082366.0,48.2,2.04,3414638.0
176,Tonga,147.0,TO,45.8,Nuku����,TOP,12.5,116.3,Nuku����,Tongan Language,59.8,22.3,-21.178986,-175.198242,Oceania,0.967368593438761,70.8,747.0,1600.0,24.3,676.0,128.0,121.09,7.4,3.56,450353314.0,6.4,13.4,52.0,1.684,10.2,100209.0,27.5,1.12,24145.0
177,Trinidad and Tobago,273.0,TT,10.5,Port of Spain,TTD,46.0,106.2,Chaguanas,English,60.0,19.5,10.691803,-61.222503,America,0.54,73.4,5128.0,4000.0,12.94,1.0,43868.0,141.75,1.0,1.73,24100202834.0,12.0,16.4,67.0,2.25,37.3,1394973.0,40.5,2.69,741944.0
178,Tunisia,76.0,TN,64.8,Tunis,TND,6.8,115.4,Tunis,Arabic,46.1,21.1,33.886917,9.537499,Asia,0.73,76.5,163610.0,48000.0,17.56,216.0,29937.0,155.33,6.7,2.2,38797709924.0,31.7,14.6,43.0,0.47,39.8,11694719.0,60.7,16.02,8099061.0
179,Turkey,110.0,TR,49.8,Ankara,TRY,15.4,93.2,Istanbul,Turkish,52.8,17.9,38.963745,35.243322,Europa,1.42,77.4,783562.0,512000.0,16.03,90.0,372725.0,234.44,15.2,2.07,754411708203.0,23.9,9.1,17.0,3.45,16.9,83429615.0,42.3,13.49,63097818.0
180,Turkmenistan,13.0,TM,72.0,Ashgabat,TMT,8.8,88.4,Ashgabat,Turkmen,64.5,16.3,38.969719,59.556278,Asia,0.29,68.1,488100.0,42000.0,23.83,993.0,70630.0,144.36399999999998,10.06,2.79,40761142857.0,8.0,39.3,7.0,0.88,71.1,5942089.0,57.1,3.91,3092738.0
181,Tuvalu,393.0,TV,60.0,Funafuti,AUD,33.3,86.0,Singapore,Tuvaluan Language,62.45,16.3,-7.109535,177.64933,Asia,0.9877597494716864,71.8885469516634,26.0,1400.0,25.056,688.0,11.0,127.2,3.5400000000000005,3.44,47271463.0,22.46,20.6,86.0,1.684,0.7,11646.0,54.54,9.224,7362.0
182,Uganda,229.0,UG,71.9,Kampala,UGX,9.7,102.7,Buganda,Swahili,70.3,11.7,1.373333,32.290275,Asia,0.94,63.0,241038.0,46000.0,38.14,256.0,5680.0,173.87,2.9,4.96,34387229486.0,4.8,33.8,375.0,0.01,40.5,44269594.0,33.7,1.84,10784516.0
183,Ukraine,75.0,UA,71.7,Kyiv,UAH,16.7,99.0,Kyiv,Ukrainian,54.2,20.1,48.379433,31.16558,Europa,0.83,71.6,603550.0,297000.0,8.7,380.0,202250.0,281.66,7.9,1.3,153781069118.0,82.7,7.5,19.0,0.84,47.8,44385155.0,45.2,8.88,30835699.0
184,United Arab Emirates,118.0,AE,5.5,Abu Dhabi,AED,4.6,108.4,Dubai,Arabic,82.1,0.1,23.424076,53.847818,Asia,0.49,77.8,83600.0,63000.0,10.33,971.0,206324.0,114.52,-1.9,1.41,421142267938.0,36.8,6.5,3.0,4.767999999999999,17.8,9770529.0,15.9,2.35,8479744.0
185,United Kingdom,281.0,GB,71.7,London,GBP,13.1,101.2,London,English,62.8,25.5,55.378051,-3.435973,Europa,1.46,81.3,243610.0,148000.0,11.0,44.0,379025.0,119.62,1.7,1.68,2827113184696.0,60.0,3.6,7.0,10.13,14.8,66834405.0,30.6,3.85,55908316.0
186,United States,36.0,US,44.4,"Washington, D.C.",USD,33.9,101.8,New York City,Unknown,62.0,9.6,37.09024,-95.712891,America,0.71,78.5,9833517.0,1359000.0,11.6,1.0,5006302.0,117.24,7.5,1.73,21427700000000.0,88.2,5.6,19.0,7.25,11.1,328239523.0,36.6,14.7,270663028.0
187,Uruguay,20.0,UY,82.6,Montevideo,UYU,10.7,108.5,Montevideo,Spanish,64.0,20.1,-32.522779,-55.765835,America,1.5,77.8,176215.0,22000.0,13.86,598.0,6766.0,202.92,7.9,1.97,56045912952.0,63.1,6.4,17.0,1.66,16.2,3461734.0,41.8,8.73,3303394.0
188,Uzbekistan,79.0,UZ,62.9,Tashkent,UZS,7.5,104.2,Tashkent,Uzbek,65.1,14.8,41.377491,64.585262,Asia,1.03,71.6,447400.0,68000.0,23.3,998.0,91811.0,134.316,2.44,2.42,57921286440.0,10.1,19.1,29.0,0.24,42.7,33580650.0,31.6,5.92,16935729.0
189,Vanuatu,25.0,VU,15.3,Port Vila,VUV,36.1,109.3,Port Vila,French,69.9,17.8,-15.376706,166.959158,Oceania,1.31,70.3,12189.0,1400.0,29.6,678.0,147.0,117.13,2.8,3.78,917058851.0,4.7,22.3,72.0,1.56,8.9,299882.0,8.5,4.39,76152.0
190,Venezuela,32.0,VE,24.5,Caracas,VED,52.7,97.2,Caracas,Spanish,59.7,16.3,6.42375,-66.58973,America,0.0,72.1,912050.0,343000.0,17.88,58.0,164175.0,2740.27,254.9,2.27,482359318768.0,79.3,21.4,125.0,0.01,45.8,28515829.0,73.3,8.8,25162368.0
191,Vietnam,314.0,VN,39.3,Hanoi,VND,48.1,110.6,Ho Chi Minh City,Vietnamese,77.4,19.1,14.058324,108.277199,Asia,0.8,75.3,331210.0,522000.0,16.75,84.0,192668.0,163.52,2.8,2.05,261921244843.0,28.5,16.5,43.0,0.73,43.5,96462106.0,37.6,2.01,35332140.0
192,Yemen,56.0,YE,44.6,Sanaa,YER,1.0,93.6,Sanaa,Arabic,38.0,16.3,15.552727,48.516388,Asia,0.92,66.1,527968.0,40000.0,30.45,967.0,10609.0,157.58,8.1,3.79,26914402224.0,10.2,42.9,164.0,1.0459999999999998,81.0,29161922.0,26.6,12.91,10869523.0
193,Zambia,25.0,ZM,32.1,Lusaka,ZMW,65.2,98.7,Lusaka,English,74.6,16.2,-13.133897,27.849332,Africa,1.4,63.5,752618.0,16000.0,36.19,260.0,5141.0,212.31,9.2,4.63,23064722446.0,4.1,40.4,213.0,0.24,27.5,17861030.0,15.6,11.43,7871713.0
194,Zimbabwe,38.0,ZW,41.9,Harare,Unknown,35.5,109.9,Harare,Shona,83.1,20.7,-19.015438,29.154857,Africa,1.34,61.2,390757.0,51000.0,30.68,263.0,10983.0,105.51,0.9,3.62,21440758800.0,10.0,33.9,458.0,0.486,25.8,14645468.0,31.6,4.95,4717305.0
